{
  "version": "0.7.0",
  "layer": 186,
  "file_size": 2097152000,
  "download": {
    "start_time": 1746170190.3414512,
    "end_time": 1746170190.3414512,
    "time_taken": 373.98002195358276
  },
  "upload": {
    "start_time": 1746170564.3214734,
    "end_time": 1746170756.17666,
    "time_taken": 191.85518670082092
  }
}
