{
  "version": "0.7.0",
  "layer": 186,
  "file_size": 2097152000,
  "download": {
    "start_time": 1743993401.2732284,
    "end_time": 1743993401.2732284,
    "time_taken": 116.11269879341125
  },
  "upload": {
    "start_time": 1743993517.3859274,
    "end_time": 1743993714.065373,
    "time_taken": 196.6794455051422
  }
}
