{
  "version": "0.7.0",
  "layer": 186,
  "file_size": 2097152000,
  "download": {
    "start_time": 1744598324.642711,
    "end_time": 1744598324.642711,
    "time_taken": 119.66014838218689
  },
  "upload": {
    "start_time": 1744598444.3028598,
    "end_time": 1744598649.5640218,
    "time_taken": 205.2611620426178
  }
}
