{
  "version": "0.7.0",
  "layer": 186,
  "file_size": 2097152000,
  "download": {
    "start_time": 1747984616.2742019,
    "end_time": 1747984616.2742019,
    "time_taken": 326.1419701576233
  },
  "upload": {
    "start_time": 1747984942.4161723,
    "end_time": 1747985204.6313782,
    "time_taken": 262.21520590782166
  }
}
