{
  "version": "0.7.0",
  "layer": 186,
  "file_size": 2097152000,
  "download": {
    "start_time": 1746775008.1501806,
    "end_time": 1746775008.1501806,
    "time_taken": 326.4660007953644
  },
  "upload": {
    "start_time": 1746775334.6161816,
    "end_time": 1746775597.1547625,
    "time_taken": 262.5385808944702
  }
}
