{
  "version": "0.7.0",
  "layer": 186,
  "file_size": 2097152000,
  "download": {
    "start_time": 1743388681.0034676,
    "end_time": 1743388681.0034676,
    "time_taken": 141.6819658279419
  },
  "upload": {
    "start_time": 1743388822.6854336,
    "end_time": 1743389061.4092302,
    "time_taken": 238.72379660606384
  }
}
