{
  "version": "0.7.0",
  "layer": 186,
  "file_size": 2097152000,
  "download": {
    "start_time": 1747379829.0212114,
    "end_time": 1747379829.0212114,
    "time_taken": 326.8182067871094
  },
  "upload": {
    "start_time": 1747380155.8394186,
    "end_time": 1747380421.5739589,
    "time_taken": 265.7345402240753
  }
}
