{
  "version": "0.7.0",
  "layer": 186,
  "file_size": 104857600,
  "download": {
    "start_time": 1745203284.4628787,
    "end_time": 1745203284.4628787,
    "time_taken": 5.686983585357666
  },
  "upload": {
    "start_time": 1745203290.1498625,
    "end_time": 1745203298.68372,
    "time_taken": 8.533857583999634
  }
}
