{
  "version": "0.2.0",
  "layer": 181,
  "file_size": 2097152000,
  "download": {
    "start_time": 1747356347.315724,
    "end_time": 1747356841.338193,
    "time_taken": 494
  },
  "upload": {
    "start_time": 1747356841.3382,
    "end_time": 1747357275.596709,
    "time_taken": 434
  }
}
