{
  "version": "0.2.0",
  "layer": 181,
  "file_size": 104857600,
  "download": {
    "start_time": 1745204944.458206,
    "end_time": 1745204960.512343,
    "time_taken": 16
  },
  "upload": {
    "start_time": 1745204960.512349,
    "end_time": 1745204978.252401,
    "time_taken": 17
  }
}
