{
  "version": "0.2.0",
  "layer": 181,
  "file_size": 2097152000,
  "download": {
    "start_time": 1744599959.823209,
    "end_time": 1744600298.743329,
    "time_taken": 338
  },
  "upload": {
    "start_time": 1744600298.743336,
    "end_time": 1744600747.9091,
    "time_taken": 449
  }
}
