{
  "version": "0.2.0",
  "layer": 181,
  "file_size": 2097152000,
  "download": {
    "start_time": 1743995009.086569,
    "end_time": 1743995181.19858,
    "time_taken": 172
  },
  "upload": {
    "start_time": 1743995181.198587,
    "end_time": 1743995574.100749,
    "time_taken": 392
  }
}
