{
  "version": "0.2.0",
  "layer": 181,
  "file_size": 2097152000,
  "download": {
    "start_time": 1746146669.952007,
    "end_time": 1746146997.500851,
    "time_taken": 327
  },
  "upload": {
    "start_time": 1746146997.500858,
    "end_time": 1746147272.034422,
    "time_taken": 274
  }
}
