{
  "version": "0.2.0",
  "layer": 181,
  "file_size": 2097152000,
  "download": {
    "start_time": 1746751484.768127,
    "end_time": 1746752218.362933,
    "time_taken": 733
  },
  "upload": {
    "start_time": 1746752218.36294,
    "end_time": 1746752694.74125,
    "time_taken": 476
  }
}
