{
  "version": "0.2.0",
  "layer": 181,
  "file_size": 2097152000,
  "download": {
    "start_time": 1748565919.462136,
    "end_time": 1748566428.614006,
    "time_taken": 509
  },
  "upload": {
    "start_time": 1748566428.614013,
    "end_time": 1748566888.4609,
    "time_taken": 459
  }
}
