{
  "version": "0.2.0",
  "layer": 181,
  "file_size": 2097152000,
  "download": {
    "start_time": 1747961131.271905,
    "end_time": 1747961635.392561,
    "time_taken": 504
  },
  "upload": {
    "start_time": 1747961635.392567,
    "end_time": 1747962066.426384,
    "time_taken": 431
  }
}
