{
  "version": "2.2.3",
  "layer": 203,
  "file_size": 2097152000,
  "download": {
    "start_time": 1747326128.394033,
    "end_time": 1747326458.562707,
    "time_taken": 330
  },
  "upload": {
    "start_time": 1747326458.562714,
    "end_time": 1747326743.989496,
    "time_taken": 285
  }
}
