{
  "version": "2.2.0",
  "layer": 201,
  "file_size": 2097152000,
  "download": {
    "start_time": 1744602067.053594,
    "end_time": 1744602223.641566,
    "time_taken": 156
  },
  "upload": {
    "start_time": 1744602223.641573,
    "end_time": 1744602653.896434,
    "time_taken": 430
  }
}
