{
  "version": "2.2.1",
  "layer": 201,
  "file_size": 104857600,
  "download": {
    "start_time": 1745207189.918025,
    "end_time": 1745207197.69086,
    "time_taken": 7
  },
  "upload": {
    "start_time": 1745207197.690867,
    "end_time": 1745207208.338413,
    "time_taken": 10
  }
}
