{
  "version": "2.1.39",
  "layer": 199,
  "file_size": 2097152000,
  "download": {
    "start_time": 1743392713.61656,
    "end_time": 1743393035.873151,
    "time_taken": 322
  },
  "upload": {
    "start_time": 1743393035.873159,
    "end_time": 1743393409.52701,
    "time_taken": 373
  }
}
