{
  "version": "2.2.4",
  "layer": 203,
  "file_size": 2097152000,
  "download": {
    "start_time": 1748535701.3768,
    "end_time": 1748536239.720833,
    "time_taken": 538
  },
  "upload": {
    "start_time": 1748536239.720841,
    "end_time": 1748536575.842403,
    "time_taken": 336
  }
}
