{
  "version": "2.2.2",
  "layer": 202,
  "file_size": 2097152000,
  "download": {
    "start_time": 1746721329.388378,
    "end_time": 1746721671.514453,
    "time_taken": 342
  },
  "upload": {
    "start_time": 1746721671.51446,
    "end_time": 1746721896.118006,
    "time_taken": 224
  }
}
