{
  "version": "2.2.3",
  "layer": 203,
  "file_size": 2097152000,
  "download": {
    "start_time": 1747930938.03203,
    "end_time": 1747931320.703795,
    "time_taken": 382
  },
  "upload": {
    "start_time": 1747931320.703801,
    "end_time": 1747931546.030334,
    "time_taken": 225
  }
}
