{
    "version": "8.4.1",
    "layer": 195,
    "file_name": "DC1_4952183784339407986.zip",
    "file_size": 2097152000,
    "download": {
        "start_time": 1744000634.226296,
        "end_time": 1744000835.59593,
        "time_taken": 201.36963415145874,
        "file_name": "DC1_4952183784339407986.zip",
        "file_size": 2097152000
    },
    "upload": {
        "start_time": 1744000835.595947,
        "end_time": 1744000996.090411,
        "time_taken": 160.49446392059326
    }
}