{
    "version": "8.4.1",
    "layer": 195,
    "file_name": "DC1_4952183784339407986.zip",
    "file_size": 2097152000,
    "download": {
        "start_time": 1744605496.399575,
        "end_time": 1744605685.142823,
        "time_taken": 188.74324798583984,
        "file_name": "DC1_4952183784339407986.zip",
        "file_size": 2097152000
    },
    "upload": {
        "start_time": 1744605685.142841,
        "end_time": 1744605848.297168,
        "time_taken": 163.15432691574097
    }
}