{
    "version": "8.4.1",
    "layer": 195,
    "file_name": "DC1_4952183784339407986.zip",
    "file_size": 2097152000,
    "download": {
        "start_time": 1743421427.467488,
        "end_time": 1743421604.091268,
        "time_taken": 176.62378001213074,
        "file_name": "DC1_4952183784339407986.zip",
        "file_size": 2097152000
    },
    "upload": {
        "start_time": 1743421604.091285,
        "end_time": 1743421763.836616,
        "time_taken": 159.74533104896545
    }
}