{
    "version": "8.4.2",
    "layer": 201,
    "file_name": "DC1_4958568674131706499.zip",
    "file_size": 104857600,
    "download": {
        "start_time": 1745209989.865574,
        "end_time": 1745210007.073822,
        "time_taken": 17.208248138427734,
        "file_name": "DC1_4958568674131706499.zip",
        "file_size": 104857600
    },
    "upload": {
        "start_time": 1745210007.073843,
        "end_time": 1745210018.950046,
        "time_taken": 11.876203060150146
    }
}