{
  "version": "0.23.0",
  "layer": "201",
  "file_size": 104857600,
  "download": {
    "start_time": 1745213198.917,
    "end_time": 1745213209.723,
    "time_taken": 10.805999994277954
  },
  "upload": {
    "start_time": 1745213209.853,
    "end_time": 1745213224.688,
    "time_taken": 14.835000038146973
  }
}