{
  "version": "0.22.3",
  "layer": "200",
  "file_size": 2097152000,
  "download": {
    "start_time": 1744608404.644,
    "end_time": 1744608524.062,
    "time_taken": 119.41799998283386
  },
  "upload": {
    "start_time": 1744608526.486,
    "end_time": 1744608644.306,
    "time_taken": 117.8199999332428
  }
}