{
  "version": "0.22.3",
  "layer": "200",
  "file_size": 2097152000,
  "download": {
    "start_time": 1743398750.786,
    "end_time": 1743398968.562,
    "time_taken": 217.77600002288818
  },
  "upload": {
    "start_time": 1743398970.979,
    "end_time": 1743399086.483,
    "time_taken": 115.50399994850159
  }
}