{
  "version": "0.23.0",
  "layer": "203",
  "file_size": 2097152000,
  "download": {
    "start_time": 1747290358.987,
    "end_time": 1747290515.012,
    "time_taken": 156.02500009536743
  },
  "upload": {
    "start_time": 1747290517.381,
    "end_time": 1747290635.362,
    "time_taken": 117.98099994659424
  }
}