{
  "version": "0.22.3",
  "layer": "200",
  "file_size": 2097152000,
  "download": {
    "start_time": 1744003566.379,
    "end_time": 1744003690.145,
    "time_taken": 123.76600003242493
  },
  "upload": {
    "start_time": 1744003692.506,
    "end_time": 1744003811.904,
    "time_taken": 119.39800000190735
  }
}