{
  "version": "0.23.0",
  "layer": "201",
  "file_size": 2097152000,
  "download": {
    "start_time": 1746064835.661,
    "end_time": 1746064967.274,
    "time_taken": 131.61299991607666
  },
  "upload": {
    "start_time": 1746064969.669,
    "end_time": 1746065086.76,
    "time_taken": 117.09100008010864
  }
}