{
  "version": "0.64.0",
  "layer": 203,
  "file_size": 2097152000,
  "download": {
    "start_time": 1748449902.09,
    "end_time": 1748450561.512,
    "time_taken": 659.422000169754
  },
  "upload": {
    "start_time": 1748450561.512,
    "end_time": 1748450868.251,
    "time_taken": 306.7389998435974
  }
}