{
  "version": "0.63.15",
  "layer": 201,
  "file_size": 2097152000,
  "download": {
    "start_time": 1744612283.067,
    "end_time": 1744612530.753,
    "time_taken": 247.68600010871887
  },
  "upload": {
    "start_time": 1744612530.753,
    "end_time": 1744612930.861,
    "time_taken": 400.1080000400543
  }
}