{
  "version": "0.63.13",
  "layer": 201,
  "file_size": 2097152000,
  "download": {
    "start_time": 1744007416.626,
    "end_time": 1744007568.573,
    "time_taken": 151.94700002670288
  },
  "upload": {
    "start_time": 1744007568.573,
    "end_time": 1744007835.068,
    "time_taken": 266.49500012397766
  }
}