{
  "version": "0.64.0",
  "layer": 203,
  "file_size": 2097152000,
  "download": {
    "start_time": 1749054493.611,
    "end_time": 1749055529.311,
    "time_taken": 1035.7000000476837
  },
  "upload": {
    "start_time": 1749055529.311,
    "end_time": 1749055949.591,
    "time_taken": 420.27999997138977
  }
}