{
  "version": "0.63.16",
  "layer": 201,
  "file_size": 2097152000,
  "download": {
    "start_time": 1747240331.39,
    "end_time": 1747241084.971,
    "time_taken": 753.5809998512268
  },
  "upload": {
    "start_time": 1747241084.971,
    "end_time": 1747241393.21,
    "time_taken": 308.239000082016
  }
}