{
  "version": "0.63.16",
  "layer": 201,
  "file_size": 2097152000,
  "download": {
    "start_time": 1746635591.538,
    "end_time": 1746636015.327,
    "time_taken": 423.7889997959137
  },
  "upload": {
    "start_time": 1746636015.327,
    "end_time": 1746636440.052,
    "time_taken": 424.72500014305115
  }
}