{
  "version": "0.63.15",
  "layer": 201,
  "file_size": 2097152000,
  "download": {
    "start_time": 1746030679.149,
    "end_time": 1746031310.411,
    "time_taken": 631.2620000839233
  },
  "upload": {
    "start_time": 1746031310.411,
    "end_time": 1746031585.005,
    "time_taken": 274.5940001010895
  }
}