{
  "version": "0.63.17",
  "layer": 203,
  "file_size": 2097152000,
  "download": {
    "start_time": 1747845179.017,
    "end_time": 1747845839.324,
    "time_taken": 660.3069999217987
  },
  "upload": {
    "start_time": 1747845839.324,
    "end_time": 1747846111.816,
    "time_taken": 272.4920001029968
  }
}