{
  "version": "0.63.15",
  "layer": 201,
  "file_size": 104857600,
  "download": {
    "start_time": 1745216994.861,
    "end_time": 1745217004.516,
    "time_taken": 9.65499997138977
  },
  "upload": {
    "start_time": 1745217004.516,
    "end_time": 1745217018.944,
    "time_taken": 14.42799997329712
  }
}