{
  "version": "2.3.63",
  "layer": 203,
  "file_size": 2097152000,
  "download": {
    "start_time": 1748999601.648367,
    "end_time": 1749000081.866092,
    "time_taken": 480
  },
  "upload": {
    "start_time": 1749000081.8661,
    "end_time": 1749000452.047971,
    "time_taken": 370
  }
}
