{
  "version": "2.2.10",
  "layer": 201,
  "file_size": 2097152000,
  "download": {
    "start_time": 1744629495.195869,
    "end_time": 1744629653.247059,
    "time_taken": 158
  },
  "upload": {
    "start_time": 1744629653.247067,
    "end_time": 1744629829.713346,
    "time_taken": 176
  }
}
