{
  "version": "2.2.11",
  "layer": 202,
  "file_size": 2097152000,
  "download": {
    "start_time": 1746492580.837248,
    "end_time": 1746492927.376742,
    "time_taken": 346
  },
  "upload": {
    "start_time": 1746492927.376749,
    "end_time": 1746493054.303313,
    "time_taken": 126
  }
}
