{
  "version": "2.3.61",
  "layer": 201,
  "file_size": 2097152000,
  "download": {
    "start_time": 1747185049.277941,
    "end_time": 1747185451.330421,
    "time_taken": 402
  },
  "upload": {
    "start_time": 1747185451.330428,
    "end_time": 1747185712.65622,
    "time_taken": 261
  }
}
