{
  "version": "2.0.106",
  "layer": 158,
  "file_size": 2097152000,
  "download": {
    "start_time": 1744017718.255095,
    "end_time": 1744017861.236833,
    "time_taken": 142
  },
  "upload": {
    "start_time": 1744017861.23684,
    "end_time": 1744018369.83413,
    "time_taken": 508
  }
}
