{
  "version": "2.1.6",
  "layer": 194,
  "file_size": 2097152000,
  "download": {
    "start_time": 1743416949.898987,
    "end_time": 1743417427.215889,
    "time_taken": 477
  },
  "upload": {
    "start_time": 1743417427.215897,
    "end_time": 1743418039.76141,
    "time_taken": 612
  }
}
