{
  "version": "2.2.1",
  "layer": 203,
  "file_size": 2097152000,
  "download": {
    "start_time": 1748935140.940665,
    "end_time": 1748935551.856452,
    "time_taken": 410
  },
  "upload": {
    "start_time": 1748935551.856459,
    "end_time": 1748936064.438779,
    "time_taken": 512
  }
}
