{
  "version": "2.2.12",
  "layer": 203,
  "file_size": 2097152000,
  "download": {
    "start_time": 1748306969.337188,
    "end_time": 1748307745.663388,
    "time_taken": 776
  },
  "upload": {
    "start_time": 1748307745.663396,
    "end_time": 1748307884.633306,
    "time_taken": 138
  }
}
