{
  "version": "2.0.106",
  "layer": 158,
  "file_size": 2097152000,
  "download": {
    "start_time": 1748363555.336003,
    "end_time": 1748364122.000463,
    "time_taken": 566
  },
  "upload": {
    "start_time": 1748364122.00047,
    "end_time": 1748364507.195734,
    "time_taken": 385
  }
}
