{
  "version": "2.3.63",
  "layer": 203,
  "file_size": 2097152000,
  "download": {
    "start_time": 1747789929.725933,
    "end_time": 1747790291.426024,
    "time_taken": 361
  },
  "upload": {
    "start_time": 1747790291.426032,
    "end_time": 1747790589.978683,
    "time_taken": 298
  }
}
