{
  "version": "2.0.106",
  "layer": 158,
  "file_size": 2097152000,
  "download": {
    "start_time": 1748968450.266844,
    "end_time": 1748968802.137619,
    "time_taken": 351
  },
  "upload": {
    "start_time": 1748968802.137627,
    "end_time": 1748969139.422669,
    "time_taken": 337
  }
}
