{
  "version": "2.0.106",
  "layer": 158,
  "file_size": 2097152000,
  "download": {
    "start_time": 1747758741.609553,
    "end_time": 1747759256.757377,
    "time_taken": 515
  },
  "upload": {
    "start_time": 1747759256.757384,
    "end_time": 1747759586.802161,
    "time_taken": 330
  }
}
