{
  "version": "2.3.61",
  "layer": 201,
  "file_size": 2097152000,
  "download": {
    "start_time": 1745975388.958807,
    "end_time": 1745975699.531768,
    "time_taken": 310
  },
  "upload": {
    "start_time": 1745975699.531776,
    "end_time": 1745976010.08921,
    "time_taken": 310
  }
}
