{
  "version": "2.6.8",
  "layer": 203,
  "file_size": 2097152000,
  "download": {
    "start_time": 1748415655.779797,
    "end_time": 1748416142.925407,
    "time_taken": 487
  },
  "upload": {
    "start_time": 1748416142.925414,
    "end_time": 1748416264.032427,
    "time_taken": 121
  }
}
