{
  "version": "2.1.6",
  "layer": 194,
  "file_size": 2097152000,
  "download": {
    "start_time": 1744626586.914698,
    "end_time": 1744626749.885414,
    "time_taken": 162
  },
  "upload": {
    "start_time": 1744626749.885422,
    "end_time": 1744627299.594199,
    "time_taken": 549
  }
}
