{
  "version": "2.6.7",
  "layer": 201,
  "file_size": 2097152000,
  "download": {
    "start_time": 1747206058.47417,
    "end_time": 1747206427.513349,
    "time_taken": 369
  },
  "upload": {
    "start_time": 1747206427.513357,
    "end_time": 1747206555.525697,
    "time_taken": 128
  }
}
