{
  "version": "2.3.60",
  "layer": 201,
  "file_size": 2097152000,
  "download": {
    "start_time": 1743409842.430113,
    "end_time": 1743410185.24445,
    "time_taken": 342
  },
  "upload": {
    "start_time": 1743410185.244459,
    "end_time": 1743410780.779834,
    "time_taken": 595
  }
}
