{
  "version": "2.2.1",
  "layer": 203,
  "file_size": 2097152000,
  "download": {
    "start_time": 1747725504.312235,
    "end_time": 1747725849.474354,
    "time_taken": 345
  },
  "upload": {
    "start_time": 1747725849.474361,
    "end_time": 1747726465.176544,
    "time_taken": 615
  }
}
