{
  "version": "2.0.106",
  "layer": 158,
  "file_size": 104857600,
  "download": {
    "start_time": 1745227267.296661,
    "end_time": 1745227275.962015,
    "time_taken": 8
  },
  "upload": {
    "start_time": 1745227275.962023,
    "end_time": 1745227287.810283,
    "time_taken": 11
  }
}
