{
  "version": "2.1.6",
  "layer": 194,
  "file_size": 104857600,
  "download": {
    "start_time": 1745231381.369929,
    "end_time": 1745231396.765328,
    "time_taken": 15
  },
  "upload": {
    "start_time": 1745231396.765335,
    "end_time": 1745231423.129483,
    "time_taken": 26
  }
}
