{
  "version": "2.3.61",
  "layer": 201,
  "file_size": 2097152000,
  "download": {
    "start_time": 1744014625.552921,
    "end_time": 1744014806.438139,
    "time_taken": 180
  },
  "upload": {
    "start_time": 1744014806.438146,
    "end_time": 1744015301.947741,
    "time_taken": 495
  }
}
