{
  "version": "2.6.2",
  "layer": 199,
  "file_size": 2097152000,
  "download": {
    "start_time": 1742873420.530249,
    "end_time": 1742873676.052719,
    "time_taken": 255
  },
  "upload": {
    "start_time": 1742873676.052726,
    "end_time": 1742873805.951348,
    "time_taken": 129
  }
}
