{
  "version": "2.2.12",
  "layer": 203,
  "file_size": 2097152000,
  "download": {
    "start_time": 1748911922.311518,
    "end_time": 1748912273.424539,
    "time_taken": 351
  },
  "upload": {
    "start_time": 1748912273.424546,
    "end_time": 1748912397.723085,
    "time_taken": 124
  }
}
