{
  "version": "2.6.5",
  "layer": 201,
  "file_size": 2097152000,
  "download": {
    "start_time": 1744032188.892694,
    "end_time": 1744032379.910947,
    "time_taken": 191
  },
  "upload": {
    "start_time": 1744032379.910954,
    "end_time": 1744032500.454637,
    "time_taken": 120
  }
}
