{
  "version": "2.2.10",
  "layer": 201,
  "file_size": 2097152000,
  "download": {
    "start_time": 1745887694.229185,
    "end_time": 1745888389.917932,
    "time_taken": 695
  },
  "upload": {
    "start_time": 1745888389.917939,
    "end_time": 1745888508.030425,
    "time_taken": 118
  }
}
