{
  "version": "2.0.106",
  "layer": 158,
  "file_size": 2097152000,
  "download": {
    "start_time": 1746549024.249974,
    "end_time": 1746549362.810351,
    "time_taken": 338
  },
  "upload": {
    "start_time": 1746549362.810358,
    "end_time": 1746549633.653346,
    "time_taken": 270
  }
}
