{
  "version": "2.6.7",
  "layer": 201,
  "file_size": 2097152000,
  "download": {
    "start_time": 1745996448.010867,
    "end_time": 1745996874.21044,
    "time_taken": 426
  },
  "upload": {
    "start_time": 1745996874.210446,
    "end_time": 1745997015.575729,
    "time_taken": 141
  }
}
