{
  "version": "2.1.6",
  "layer": 194,
  "file_size": 2097152000,
  "download": {
    "start_time": 1744021785.949347,
    "end_time": 1744021905.283019,
    "time_taken": 119
  },
  "upload": {
    "start_time": 1744021905.283026,
    "end_time": 1744022527.177121,
    "time_taken": 621
  }
}
