{
  "version": "2.0.106",
  "layer": 158,
  "file_size": 2097152000,
  "download": {
    "start_time": 1747153960.530488,
    "end_time": 1747154319.111207,
    "time_taken": 358
  },
  "upload": {
    "start_time": 1747154319.111214,
    "end_time": 1747154675.913009,
    "time_taken": 356
  }
}
