{
  "version": "2.1.6",
  "layer": 194,
  "file_size": 2097152000,
  "download": {
    "start_time": 1747120724.489601,
    "end_time": 1747121192.548737,
    "time_taken": 468
  },
  "upload": {
    "start_time": 1747121192.548744,
    "end_time": 1747121569.724399,
    "time_taken": 377
  }
}
