{
  "version": "2.1.6",
  "layer": 194,
  "file_size": 2097152000,
  "download": {
    "start_time": 1746515906.843664,
    "end_time": 1746516289.908952,
    "time_taken": 383
  },
  "upload": {
    "start_time": 1746516289.908959,
    "end_time": 1746516849.651241,
    "time_taken": 559
  }
}
