{
  "version": "2.6.7",
  "layer": 201,
  "file_size": 104857600,
  "download": {
    "start_time": 1745219712.82954,
    "end_time": 1745219720.46865,
    "time_taken": 7
  },
  "upload": {
    "start_time": 1745219720.468656,
    "end_time": 1745219727.765535,
    "time_taken": 7
  }
}
