{
  "version": "2.3.63",
  "layer": 203,
  "file_size": 2097152000,
  "download": {
    "start_time": 1748394753.16535,
    "end_time": 1748395108.060563,
    "time_taken": 354
  },
  "upload": {
    "start_time": 1748395108.06057,
    "end_time": 1748395368.005387,
    "time_taken": 259
  }
}
