{
  "version": "2.3.61",
  "layer": 201,
  "file_size": 2097152000,
  "download": {
    "start_time": 1744619474.951494,
    "end_time": 1744619593.502022,
    "time_taken": 118
  },
  "upload": {
    "start_time": 1744619593.502028,
    "end_time": 1744620189.709642,
    "time_taken": 596
  }
}
