{
  "version": "2.6.7",
  "layer": 201,
  "file_size": 2097152000,
  "download": {
    "start_time": 1744614917.254737,
    "end_time": 1744615196.746811,
    "time_taken": 279
  },
  "upload": {
    "start_time": 1744615196.746819,
    "end_time": 1744615338.869449,
    "time_taken": 142
  }
}
