{
  "version": "2.0.106",
  "layer": 158,
  "file_size": 2097152000,
  "download": {
    "start_time": 1743412915.605216,
    "end_time": 1743413259.989602,
    "time_taken": 344
  },
  "upload": {
    "start_time": 1743413259.98961,
    "end_time": 1743413577.12012,
    "time_taken": 317
  }
}
