{
  "version": "2.2.9",
  "layer": 200,
  "file_size": 2097152000,
  "download": {
    "start_time": 1744024713.781191,
    "end_time": 1744024942.932697,
    "time_taken": 229
  },
  "upload": {
    "start_time": 1744024942.932704,
    "end_time": 1744025122.652614,
    "time_taken": 179
  }
}
