{
  "version": "2.2.12",
  "layer": 203,
  "file_size": 2097152000,
  "download": {
    "start_time": 1747702307.852726,
    "end_time": 1747702878.214819,
    "time_taken": 570
  },
  "upload": {
    "start_time": 1747702878.214826,
    "end_time": 1747703017.796211,
    "time_taken": 139
  }
}
