{
  "version": "2.6.2",
  "layer": 199,
  "file_size": 2097152000,
  "download": {
    "start_time": 1743405308.696837,
    "end_time": 1743405820.447391,
    "time_taken": 511
  },
  "upload": {
    "start_time": 1743405820.447397,
    "end_time": 1743405968.627034,
    "time_taken": 148
  }
}
