{
  "version": "2.2.1",
  "layer": 203,
  "file_size": 2097152000,
  "download": {
    "start_time": 1748330315.989195,
    "end_time": 1748330709.952076,
    "time_taken": 393
  },
  "upload": {
    "start_time": 1748330709.952083,
    "end_time": 1748331164.489165,
    "time_taken": 454
  }
}
