{
  "version": "0.9.1",
  "layer": "1.8.46",
  "file_size": 2097152000,
  "download": {
    "start_time": 1743425550.488864,
    "end_time": 1743425665.350074,
    "time_taken": 114
  },
  "upload": {
    "start_time": 1743425665.350082,
    "end_time": 1743425784.198359,
    "time_taken": 118
  }
}