{
  "version": "0.9.1",
  "layer": "1.8.46",
  "file_size": 2097152000,
  "download": {
    "start_time": 1747672003.398293,
    "end_time": 1747672141.840614,
    "time_taken": 138
  },
  "upload": {
    "start_time": 1747672141.840624,
    "end_time": 1747672263.147906,
    "time_taken": 121
  }
}