{
  "version": "0.9.1",
  "layer": "1.8.46",
  "file_size": 2097152000,
  "download": {
    "start_time": 1747067228.816434,
    "end_time": 1747067365.778726,
    "time_taken": 136
  },
  "upload": {
    "start_time": 1747067365.778736,
    "end_time": 1747067486.004107,
    "time_taken": 120
  }
}