{
  "version": "0.9.1",
  "layer": "1.8.46",
  "file_size": 2097152000,
  "download": {
    "start_time": 1744635178.354144,
    "end_time": 1744635290.256856,
    "time_taken": 111
  },
  "upload": {
    "start_time": 1744635290.256866,
    "end_time": 1744635405.617144,
    "time_taken": 115
  }
}