{
  "version": "0.9.1",
  "layer": "1.8.46",
  "file_size": 2097152000,
  "download": {
    "start_time": 1748881690.945628,
    "end_time": 1748881847.261541,
    "time_taken": 156
  },
  "upload": {
    "start_time": 1748881847.261549,
    "end_time": 1748881966.88918,
    "time_taken": 119
  }
}