{
  "version": "0.9.1",
  "layer": "1.8.46",
  "file_size": 2097152000,
  "download": {
    "start_time": 1744030378.501849,
    "end_time": 1744030495.856485,
    "time_taken": 117
  },
  "upload": {
    "start_time": 1744030495.856494,
    "end_time": 1744030615.774853,
    "time_taken": 119
  }
}