{
  "version": "0.9.1",
  "layer": "1.8.46",
  "file_size": 2097152000,
  "download": {
    "start_time": 1745857497.883392,
    "end_time": 1745857659.712474,
    "time_taken": 161
  },
  "upload": {
    "start_time": 1745857659.712484,
    "end_time": 1745857780.951049,
    "time_taken": 121
  }
}