{
  "version": "0.9.1",
  "layer": "1.8.46",
  "file_size": 2097152000,
  "download": {
    "start_time": 1746462415.334678,
    "end_time": 1746462554.234188,
    "time_taken": 138
  },
  "upload": {
    "start_time": 1746462554.234195,
    "end_time": 1746462674.569346,
    "time_taken": 120
  }
}