{
  "version": "0.9.1",
  "layer": "1.8.46",
  "file_size": 2097152000,
  "download": {
    "start_time": 1748276730.769692,
    "end_time": 1748276889.69404,
    "time_taken": 158
  },
  "upload": {
    "start_time": 1748276889.694049,
    "end_time": 1748277007.927496,
    "time_taken": 118
  }
}