{
  "version": "1.39.0",
  "layer": 199,
  "file_size": 2097152000,
  "download": {
    "start_time": 1744032885.504718,
    "end_time": 1744033057.764401,
    "time_taken": 172
  },
  "upload": {
    "start_time": 1744033057.764409,
    "end_time": 1744033620.27698,
    "time_taken": 562
  }
}
