{
  "version": "1.40.0",
  "layer": 201,
  "file_size": 2097152000,
  "download": {
    "start_time": 1746429744.575529,
    "end_time": 1746430561.690343,
    "time_taken": 817
  },
  "upload": {
    "start_time": 1746430561.69035,
    "end_time": 1746431031.162796,
    "time_taken": 469
  }
}
