{
  "version": "1.39.0",
  "layer": 199,
  "file_size": 2097152000,
  "download": {
    "start_time": 1743428027.853268,
    "end_time": 1743428252.389728,
    "time_taken": 224
  },
  "upload": {
    "start_time": 1743428252.389737,
    "end_time": 1743428758.580519,
    "time_taken": 506
  }
}
