{
  "version": "1.40.0",
  "layer": 201,
  "file_size": 2097152000,
  "download": {
    "start_time": 1747639349.842836,
    "end_time": 1747640002.065356,
    "time_taken": 652
  },
  "upload": {
    "start_time": 1747640002.065365,
    "end_time": 1747640493.03559,
    "time_taken": 490
  }
}
