{
  "version": "1.39.0",
  "layer": 199,
  "file_size": 2097152000,
  "download": {
    "start_time": 1744637717.041608,
    "end_time": 1744638170.607128,
    "time_taken": 453
  },
  "upload": {
    "start_time": 1744638170.607136,
    "end_time": 1744638894.616001,
    "time_taken": 724
  }
}
