{
  "version": "1.40.0",
  "layer": 201,
  "file_size": 2097152000,
  "download": {
    "start_time": 1747034532.946994,
    "end_time": 1747035321.948285,
    "time_taken": 789
  },
  "upload": {
    "start_time": 1747035321.948292,
    "end_time": 1747035781.92544,
    "time_taken": 459
  }
}
