{
  "version": "1.40.0",
  "layer": 201,
  "file_size": 104857600,
  "download": {
    "start_time": 1745242400.434523,
    "end_time": 1745242495.050004,
    "time_taken": 94
  },
  "upload": {
    "start_time": 1745242495.050012,
    "end_time": 1745242636.205624,
    "time_taken": 141
  }
}
