{
  "version": "1.40.0",
  "layer": 201,
  "file_size": 2097152000,
  "download": {
    "start_time": 1748244639.524527,
    "end_time": 1748245088.984536,
    "time_taken": 449
  },
  "upload": {
    "start_time": 1748245088.984544,
    "end_time": 1748245552.549683,
    "time_taken": 463
  }
}
