{
  "version": "4.3.4",
  "layer": 201,
  "file_size": 2097152000,
  "download": {
    "start_time": 1747618765.834,
    "end_time": 1747618876.33,
    "time_taken": 110.4961275,
    "avg_speed": "18.10 MB/s"
  },
  "upload": {
    "start_time": 1747618876.33,
    "end_time": 1747620963.915,
    "time_taken": 2087.5852905,
    "avg_speed": "0.96 MB/s"
  }
}