{
  "version": "4.3.3",
  "layer": 201,
  "file_size": 104857600,
  "download": {
    "start_time": 1745245552.977,
    "end_time": 1745245560.36,
    "time_taken": 7.3828935,
    "avg_speed": "13.54 MB/s"
  },
  "upload": {
    "start_time": 1745245560.36,
    "end_time": 1745245601.671,
    "time_taken": 41.3114013,
    "avg_speed": "2.42 MB/s"
  }
}