{
  "version": "4.3.3",
  "layer": 201,
  "file_size": 2097152000,
  "download": {
    "start_time": 1744036059.815,
    "end_time": 1744036176.093,
    "time_taken": 116.278041,
    "avg_speed": "17.20 MB/s"
  },
  "upload": {
    "start_time": 1744036176.093,
    "end_time": 1744036860.246,
    "time_taken": 684.1530529,
    "avg_speed": "2.92 MB/s"
  }
}