{
  "version": "4.3.4",
  "layer": 201,
  "file_size": 2097152000,
  "download": {
    "start_time": 1748223477.616,
    "end_time": 1748223596.219,
    "time_taken": 118.6038338,
    "avg_speed": "16.86 MB/s"
  },
  "upload": {
    "start_time": 1748223596.219,
    "end_time": 1748223791.279,
    "time_taken": 195.0593321,
    "avg_speed": "10.25 MB/s"
  }
}