{
  "version": "4.3.2",
  "layer": 200,
  "file_size": 2097152000,
  "download": {
    "start_time": 1743431227.746,
    "end_time": 1743431349.444,
    "time_taken": 121.6980421,
    "avg_speed": "16.43 MB/s"
  },
  "upload": {
    "start_time": 1743431349.444,
    "end_time": 1743432240.73,
    "time_taken": 891.2860455,
    "avg_speed": "2.24 MB/s"
  }
}