{
  "version": "4.3.4",
  "layer": 201,
  "file_size": 104857600,
  "download": {
    "start_time": 1745694201.613,
    "end_time": 1745694207.714,
    "time_taken": 6.1012482,
    "avg_speed": "16.39 MB/s"
  },
  "upload": {
    "start_time": 1745694207.714,
    "end_time": 1745694219.163,
    "time_taken": 11.4488963,
    "avg_speed": "8.73 MB/s"
  }
}