{
  "version": "4.3.4",
  "layer": 201,
  "file_size": 2097152000,
  "download": {
    "start_time": 1747013883.88,
    "end_time": 1747013992.797,
    "time_taken": 108.9176266,
    "avg_speed": "18.36 MB/s"
  },
  "upload": {
    "start_time": 1747013992.797,
    "end_time": 1747014393.427,
    "time_taken": 400.6302235,
    "avg_speed": "4.99 MB/s"
  }
}