{
  "version": 0.7.0,
  "layer": 186,
  "file_size": 2097152000,
  "download": {
    "start_time": 1741526870.9554949,
    "end_time": 1741526870.9554949,
    "time_taken": 120.09058570861816,
  },
  "upload": {
    "start_time": 1741526991.0460808,
    "end_time": 1741527200.1961863,
    "time_taken": 209.1501054763794,
  },
}
