{
  "version": "0.7.0",
  "layer": 186,
  "file_size": 2097152000,
  "download": {
    "start_time": 1741529429.233052,
    "end_time": 1741529429.233052,
    "time_taken": 118.81711459159851
  },
  "upload": {
    "start_time": 1741529548.0501668,
    "end_time": 1741529734.1257427,
    "time_taken": 186.07557582855225
  }
}
