{
  "version": "0.7.0",
  "layer": 186,
  "file_size": 2097152000,
  "download": {
    "start_time": 1741527600.3488622,
    "end_time": 1741527600.3488622,
    "time_taken": 119.89201092720032,
  },
  "upload": {
    "start_time": 1741527720.240873,
    "end_time": 1741527903.909359,
    "time_taken": 183.66848587989807,
  },
}
