{
  "version": "0.7.0",
  "layer": 186,
  "file_size": 2097152000,
  "download": {
    "start_time": 1742870865.2995648,
    "end_time": 1742870865.2995648,
    "time_taken": 120.94228529930115
  },
  "upload": {
    "start_time": 1742870986.2418504,
    "end_time": 1742871156.8050113,
    "time_taken": 170.56316089630127
  }
}
