{
  "version": "0.7.0",
  "layer": 186,
  "file_size": 2097152000,
  "download": {
    "start_time": 1741661051.2689848,
    "end_time": 1741661051.2689848,
    "time_taken": 138.1079545021057
  },
  "upload": {
    "start_time": 1741661189.3769395,
    "end_time": 1741661440.5981104,
    "time_taken": 251.2211709022522
  }
}
