{
  "version": "0.7.0",
  "layer": 186,
  "file_size": 2097152000,
  "download": {
    "start_time": 1742904909.4492934,
    "end_time": 1742904909.4492934,
    "time_taken": 173.6088044643402
  },
  "upload": {
    "start_time": 1742905083.058098,
    "end_time": 1742905350.8655806,
    "time_taken": 267.8074824810028
  }
}
