{
  "version": "0.7.0",
  "layer": 186,
  "file_size": 2097152000,
  "download": {
    "start_time": 1742266023.499657,
    "end_time": 1742266023.499657,
    "time_taken": 114.85030388832092
  },
  "upload": {
    "start_time": 1742266138.3499613,
    "end_time": 1742266332.0358667,
    "time_taken": 193.68590545654297
  }
}
