{
  "version": "2.1.39",
  "layer": 199,
  "file_size": 2097152000,
  "download": {
    "start_time": 1741661986.598363,
    "end_time": 1741662112.205383,
    "time_taken": 125
  },
  "upload": {
    "start_time": 1741662112.20539,
    "end_time": 1741662509.577506,
    "time_taken": 397
  }
}
