{
    "version": "8.4.1",
    "layer": 195,
    "file_name": "DC1_4952183784339407986.zip",
    "file_size": 2097152000,
    "download": {
        "start_time": 1742267794.450601,
        "end_time": 1742267998.436512,
        "time_taken": 203.98591089248657,
        "file_name": "DC1_4952183784339407986.zip",
        "file_size": 2097152000
    },
    "upload": {
        "start_time": 1742267998.436534,
        "end_time": 1742268156.511941,
        "time_taken": 158.07540702819824
    }
}