{
    "version": "8.4.1",
    "layer": 195,
    "file_name": "DC1_4952183784339407986.zip",
    "file_size": 2097152000,
    "download": {
        "start_time": 1742893466.426356,
        "end_time": 1742893658.681287,
        "time_taken": 192.25493097305298,
        "file_name": "DC1_4952183784339407986.zip",
        "file_size": 2097152000
    },
    "upload": {
        "start_time": 1742893658.681307,
        "end_time": 1742893823.581111,
        "time_taken": 164.89980387687683
    }
}