{
    "version": "8.4.1",
    "layer": 195,
    "file_name": "DC1_4952183784339407986.zip",
    "file_size": 2097152000,
    "download": {
        "start_time": 1742873175.672518,
        "end_time": 1742873345.033946,
        "time_taken": 169.36142802238464,
        "file_name": "DC1_4952183784339407986.zip",
        "file_size": 2097152000
    },
    "upload": {
        "start_time": 1742873345.033969,
        "end_time": 1742873504.296158,
        "time_taken": 159.26218914985657
    }
}