{
  "version": "2.3.59",
  "layer": 199,
  "file_size": 2097152000,
  "download": {
    "start_time": 1742269699.630249,
    "end_time": 1742269828.907626,
    "time_taken": 129
  },
  "upload": {
    "start_time": 1742269828.907634,
    "end_time": 1742270104.016972,
    "time_taken": 275
  }
}
