{
  "version": "2.3.59",
  "layer": 199,
  "file_size": 2097152000,
  "download": {
    "start_time": 1742874535.612951,
    "end_time": 1742874789.418712,
    "time_taken": 253
  },
  "upload": {
    "start_time": 1742874789.418719,
    "end_time": 1742875202.539095,
    "time_taken": 413
  }
}
