{
  "version": "2.2.9",
  "layer": 200,
  "file_size": 2097152000,
  "download": {
    "start_time": 1742275584.679584,
    "end_time": 1742275936.767129,
    "time_taken": 352
  },
  "upload": {
    "start_time": 1742275936.767137,
    "end_time": 1742276144.424867,
    "time_taken": 207
  }
}
