{
  "version": "2.1.6",
  "layer": 200,
  "file_size": 2097152000,
  "download": {
    "start_time": 1742881381.432882,
    "end_time": 1742881633.280461,
    "time_taken": 251
  },
  "upload": {
    "start_time": 1742881633.280469,
    "end_time": 1742882414.057478,
    "time_taken": 780
  }
}
