{
  "version": "2.6.2",
  "layer": 199,
  "file_size": 2097152000,
  "download": {
    "start_time": 1742268509.473181,
    "end_time": 1742268637.707354,
    "time_taken": 128
  },
  "upload": {
    "start_time": 1742268637.707361,
    "end_time": 1742268771.470082,
    "time_taken": 133
  }
}
