{
  "version": "2.6.0",
  "layer": 199,
  "file_size": 2097152000,
  "download": {
    "start_time": 1741663603.593812,
    "end_time": 1741663857.394884,
    "time_taken": 253
  },
  "upload": {
    "start_time": 1741663857.39489,
    "end_time": 1741663989.686421,
    "time_taken": 132
  }
}
