{
  "version": "2.3.59",
  "layer": 199,
  "file_size": 2097152000,
  "download": {
    "start_time": 1741664816.279351,
    "end_time": 1741665069.311194,
    "time_taken": 253
  },
  "upload": {
    "start_time": 1741665069.3112,
    "end_time": 1741665564.154285,
    "time_taken": 494
  }
}
