{
  "version": "2.1.6",
  "layer": 200,
  "file_size": 2097152000,
  "download": {
    "start_time": 1742276587.278028,
    "end_time": 1742276838.519987,
    "time_taken": 251
  },
  "upload": {
    "start_time": 1742276838.519996,
    "end_time": 1742277488.501085,
    "time_taken": 649
  }
}
