{
  "version": "2.2.9",
  "layer": 200,
  "file_size": 2097152000,
  "download": {
    "start_time": 1741670751.983854,
    "end_time": 1741671043.339532,
    "time_taken": 291
  },
  "upload": {
    "start_time": 1741671043.339539,
    "end_time": 1741671237.483781,
    "time_taken": 194
  }
}
