{
  "version": "0.9.1",
  "layer": "1.8.46",
  "file_size": 2097152000,
  "download": {
    "start_time": 1741530139.883843,
    "end_time": 1741530258.644733,
    "time_taken": 118
  },
  "upload": {
    "start_time": 1741530258.644742,
    "end_time": 1741530377.693931,
    "time_taken": 119
  }
}