{
  "version": "0.9.1",
  "layer": "1.8.46",
  "file_size": 2097152000,
  "download": {
    "start_time": 1741667366.069299,
    "end_time": 1741667493.323103,
    "time_taken": 127
  },
  "upload": {
    "start_time": 1741667493.323111,
    "end_time": 1741667610.05034,
    "time_taken": 116
  }
}