{
  "version": "0.9.1",
  "layer": "1.8.46",
  "file_size": 2097152000,
  "download": {
    "start_time": 1742272167.328632,
    "end_time": 1742272283.846554,
    "time_taken": 116
  },
  "upload": {
    "start_time": 1742272283.846562,
    "end_time": 1742272406.14592,
    "time_taken": 122
  }
}