{
  "version": "0.9.1",
  "layer": "1.8.46",
  "file_size": 2097152000,
  "download": {
    "start_time": 1742877093.9137,
    "end_time": 1742877209.33094,
    "time_taken": 115
  },
  "upload": {
    "start_time": 1742877209.33095,
    "end_time": 1742877328.726837,
    "time_taken": 119
  }
}