{
  "version": "1.39.0",
  "layer": 199,
  "file_size": 2097152000,
  "download": {
    "start_time": 1742877852.289121,
    "end_time": 1742878019.467212,
    "time_taken": 167
  },
  "upload": {
    "start_time": 1742878019.467221,
    "end_time": 1742878497.853098,
    "time_taken": 478
  }
}
