{
  "version": "1.39.0",
  "layer": 199,
  "file_size": 2097152000,
  "download": {
    "start_time": 1742272979.12181,
    "end_time": 1742273254.956624,
    "time_taken": 275
  },
  "upload": {
    "start_time": 1742273254.956632,
    "end_time": 1742273833.320813,
    "time_taken": 578
  }
}
