{
  "version": "1.39.0",
  "layer": 199,
  "file_size": 2097152000,
  "download": {
    "start_time": 1741522573.518609,
    "end_time": 1741523022.172054,
    "time_taken": 448
  },
  "upload": {
    "start_time": 1741523022.172062,
    "end_time": 1741523809.343057,
    "time_taken": 787
  }
}
