{
  "version": "1.39.0",
  "layer": 199,
  "file_size": 2097152000,
  "download": {
    "start_time": 1741668144.201266,
    "end_time": 1741668426.243384,
    "time_taken": 282
  },
  "upload": {
    "start_time": 1741668426.243394,
    "end_time": 1741668984.492642,
    "time_taken": 558
  }
}
